nav,role
312,魔力目
123,ベル
312,ベル
123,ベル
123,ベル
123,ベル
123,魔力目
231,魔力目
123,魔力目
123,魔力目
213,ベル
213,ベル
123,魔力目
123,ベル
123,ベル
231,ベル
123,魔力目
312,魔力目
123,魔力目
231,魔力目
213,ベル
123,ベル
321,ベル
123,魔力目
132,ベル
123,ベル
213,ベル
231,ベル
123,魔力目
312,ベル
231,ベル
321,ベル
132,ベル
213,ベル
213,ベル
123,ベル
123,魔力目
132,ベル
123,ベル
123,魔力目
123,魔力目
123,魔力目
321,ベル
231,魔力目
123,ベル
123,ベル
123,ベル
123,ベル
123,ベル
231,魔力目
231,魔力目
312,ベル
132,ベル
123,魔力目
312,魔力目
231,ベル
312,ベル
312,ベル
123,魔力目
213,ベル
123,魔力目
123,魔力目
231,ベル
123,魔力目
312,ベル
132,ベル
213,ベル
123,魔力目
123,ベル
123,魔力目
231,ベル
231,ベル
123,魔力目
123,ベル
123,魔力目
312,魔力目
312,ベル
123,魔力目
123,ベル
123,魔力目
231,ベル
123,ベル
123,魔力目
312,ベル
123,ベル
123,ベル
123,ベル
123,魔力目
312,ベル
312,ベル
231,ベル
231,ベル
132,ベル
312,ベル
321,ベル
312,ベル
132,ベル
123,ベル
123,ベル
213,ベル
321,ベル
213,ベル
123,魔力目
312,ベル
123,ベル
123,魔力目
231,ベル
312,ベル
123,ベル
312,ベル
132,ベル
123,魔力目
123,魔力目
321,ベル
231,ベル
312,ベル
312,魔力目
123,ベル
213,魔力目
231,ベル
123,魔力目
231,ベル
321,ベル
132,ベル
123,魔力目
123,魔力目
231,ベル
123,魔力目
231,魔力目
123,ベル
231,魔力目
132,ベル
123,ベル
321,ベル
312,ベル
123,魔力目
312,ベル
123,ベル
123,ベル
321,ベル
213,ベル
123,ベル
231,ベル
231,魔力目
123,ベル
123,魔力目
213,ベル
312,魔力目
312,魔力目
312,ベル
132,ベル
123,ベル
123,魔力目
123,魔力目
321,ベル
231,ベル
312,ベル
123,ベル
321,ベル
312,ベル
123,ベル
231,ベル
231,魔力目
123,ベル
123,ベル
231,ベル
321,ベル
312,ベル
312,ベル
132,ベル
132,ベル
312,ベル
312,ベル
231,ベル
123,魔力目
123,魔力目
231,ベル
312,ベル
321,ベル
312,ベル
321,ベル
123,ベル
123,ベル
123,ベル
132,ベル
231,ベル
123,魔力目
312,ベル
123,魔力目
123,ベル
123,魔力目
123,ベル
123,魔力目
321,ベル
321,魔力目
132,ベル
132,ベル
213,ベル
213,ベル
231,ベル
132,ベル
312,ベル
312,ベル
123,ベル
123,ベル
312,ベル
132,ベル
321,ベル
123,魔力目
213,ベル
321,ベル
321,ベル
132,ベル
123,ベル
123,ベル
123,ベル
123,ベル
312,ベル
123,ベル
123,ベル
231,ベル
123,魔力目
123,ベル
123,ベル
123,ベル
123,ベル
123,ベル
123,ベル
123,魔力目
123,ベル
231,ベル
123,魔力目
123,魔力目
132,ベル
231,ベル
123,魔力目
213,ベル
123,ベル
123,ベル
123,ベル
231,ベル
123,ベル
312,ベル
312,ベル
123,ベル
123,魔力目
123,ベル
231,ベル
321,ベル
321,ベル
321,ベル
132,ベル
321,ベル
123,ベル
132,ベル
123,魔力目
231,魔力目
213,ベル
321,ベル
312,ベル
321,ベル
132,ベル
132,ベル
123,魔力目
231,ベル
132,ベル
312,ベル
123,ベル
132,ベル
123,魔力目
123,魔力目
123,魔力目
123,ベル
123,魔力目
123,魔力目
321,ベル
312,魔力目
231,ベル
231,ベル
132,ベル
123,魔力目
231,ベル
231,ベル
132,ベル
312,ベル
123,魔力目
231,ベル
213,ベル
231,ベル
312,ベル
321,ベル
321,ベル
132,ベル
312,ベル
123,魔力目
312,ベル
132,ベル
312,ベル
321,ベル
213,ベル
312,ベル
213,ベル
321,ベル
213,ベル
123,ベル
312,ベル
123,ベル
231,ベル
132,ベル
132,ベル
231,ベル
321,ベル
123,ベル
123,魔力目
123,魔力目
213,ベル
321,魔力目
312,ベル
231,ベル
213,ベル
312,ベル
123,ベル
123,ベル
321,ベル
213,ベル
312,ベル
231,ベル
312,ベル
123,魔力目
123,魔力目
123,ベル
231,魔力目
123,ベル
312,魔力目
123,ベル
123,ベル
123,魔力目
123,ベル
231,魔力目
123,魔力目
123,魔力目
312,ベル
231,ベル
132,ベル
123,魔力目
213,ベル
213,ベル
312,ベル
312,ベル
213,ベル
123,ベル
213,ベル
132,ベル
213,ベル
231,ベル
132,ベル
132,ベル
123,ベル
231,ベル
213,ベル
213,ベル
213,ベル
213,ベル
123,ベル
312,ベル
312,ベル
321,ベル
312,ベル
213,ベル
213,ベル
213,ベル
231,ベル
231,ベル
231,魔力目
132,ベル
123,魔力目
312,ベル
321,ベル
231,ベル
132,ベル
132,ベル
312,ベル
123,魔力目
231,魔力目
123,ベル
231,魔力目
321,ベル
123,ベル
123,魔力目
312,ベル
132,ベル
231,ベル
312,ベル
123,ベル
132,ベル
231,ベル
123,魔力目
312,魔力目
312,ベル
123,ベル
231,ベル
123,ベル
123,魔力目
123,魔力目
312,ベル
123,魔力目
213,ベル
231,ベル
312,ベル
231,ベル
123,ベル
312,魔力目
123,魔力目
132,ベル
123,魔力目
312,ベル
132,ベル
321,ベル
123,魔力目
132,ベル
312,ベル
123,魔力目
321,ベル
231,ベル
123,ベル
312,ベル
123,魔力目
123,魔力目
312,ベル
312,ベル
123,ベル
321,ベル
123,魔力目
231,ベル
123,魔力目
213,ベル
213,ベル
123,魔力目
132,ベル
213,ベル
213,ベル
312,ベル
132,ベル
123,魔力目
231,ベル
123,魔力目
231,ベル
231,ベル
123,ベル
123,魔力目
231,魔力目
123,魔力目
312,ベル
123,魔力目
213,ベル
123,ベル
123,ベル
231,ベル
231,ベル
123,ベル
123,魔力目
231,ベル
123,ベル
312,ベル
123,ベル
312,ベル
132,ベル
231,ベル
123,魔力目
123,魔力目
123,ベル
123,ベル
231,魔力目
312,ベル
123,ベル
231,ベル
123,魔力目
231,ベル
123,ベル
312,ベル
123,ベル
312,ベル
132,ベル
231,ベル
123,魔力目
312,ベル
132,ベル
312,ベル
213,ベル
321,ベル
123,ベル
321,ベル
321,ベル
231,ベル
231,ベル
132,ベル
321,ベル
123,魔力目
132,ベル
213,ベル
312,ベル
213,ベル
132,ベル
132,ベル
132,ベル
312,ベル
132,魔力目
213,魔力目
132,ベル
213,ベル
312,ベル
231,ベル
132,ベル
312,ベル
312,ベル
123,魔力目
123,魔力目
231,魔力目
123,ベル
123,ベル
312,ベル
231,魔力目
312,ベル
231,ベル
312,ベル
312,ベル
213,ベル
231,魔力目
123,ベル
231,ベル
231,ベル
123,魔力目
123,魔力目
123,魔力目
123,魔力目
312,ベル
123,魔力目
123,魔力目
132,ベル
132,ベル
321,ベル
132,ベル
213,ベル
231,ベル
213,ベル
312,ベル
123,ベル
123,ベル
231,ベル
132,ベル
123,魔力目
321,ベル
231,ベル
123,ベル
231,ベル
123,魔力目
123,ベル
213,ベル
321,ベル
231,ベル
231,ベル
231,魔力目
123,ベル
132,ベル
231,ベル
231,ベル
321,ベル
312,魔力目
132,ベル
123,ベル
213,ベル
231,ベル
231,ベル
123,ベル
132,ベル
321,ベル
231,ベル
321,ベル
312,ベル
321,ベル
132,ベル
132,ベル
321,ベル
213,ベル
312,ベル
312,ベル
123,魔力目
312,ベル
213,ベル
213,ベル
312,ベル
321,ベル
321,ベル
321,ベル
231,ベル
123,ベル
312,魔力目
312,魔力目
123,ベル
231,魔力目
123,ベル
123,魔力目
312,ベル
123,ベル
231,魔力目
321,ベル
231,ベル
132,ベル
132,ベル
123,魔力目
123,魔力目
123,魔力目
213,ベル
123,魔力目
123,魔力目
231,魔力目
123,魔力目
231,魔力目
312,ベル
132,ベル
321,ベル
312,ベル
312,ベル
123,魔力目
312,魔力目
312,魔力目
231,魔力目
123,ベル
231,ベル
312,魔力目
123,ベル
123,ベル
132,ベル
123,魔力目
312,ベル
123,魔力目
132,ベル
213,ベル
213,ベル
123,魔力目
312,ベル
213,ベル
123,ベル
132,ベル
213,ベル
231,ベル
231,魔力目
231,魔力目
123,魔力目
123,魔力目
321,ベル
231,魔力目
123,ベル
123,ベル
231,魔力目
321,魔力目
123,ベル
312,ベル
312,ベル
123,ベル
123,ベル
231,ベル
231,ベル
321,ベル
321,ベル
231,ベル
312,ベル
123,ベル
132,ベル
231,ベル
132,ベル
231,ベル
312,ベル
213,ベル
123,ベル
213,ベル
321,ベル
213,ベル
132,ベル
231,ベル
123,ベル
321,ベル
123,魔力目
123,ベル
231,ベル
213,ベル
213,ベル
231,ベル
132,ベル
132,ベル
231,ベル
123,ベル
321,ベル
123,ベル
231,ベル
312,ベル
123,魔力目
213,ベル
213,ベル
213,ベル
312,ベル
123,ベル
132,ベル
312,ベル
132,ベル
123,魔力目
231,ベル
321,魔力目
123,魔力目
231,魔力目
132,ベル
132,ベル
321,ベル
312,ベル
132,ベル
231,ベル
231,ベル
312,ベル
123,ベル
231,ベル
123,ベル
231,ベル
123,ベル
231,ベル
213,ベル
123,魔力目
213,ベル
312,ベル
123,魔力目
123,魔力目
312,ベル
213,ベル
231,ベル
312,ベル
123,ベル
213,ベル
213,ベル
312,ベル
312,ベル
123,魔力目
312,魔力目
123,ベル
312,魔力目
123,ベル
231,魔力目
312,魔力目
123,ベル
123,ベル
312,魔力目
231,魔力目
213,ベル
123,ベル
231,ベル
123,ベル
123,魔力目
123,魔力目
213,ベル
312,ベル
123,ベル
123,ベル
123,魔力目
312,ベル
321,ベル
123,魔力目
231,ベル
132,ベル
231,魔力目
321,ベル
312,ベル
231,ベル
213,ベル
123,ベル
123,魔力目
321,ベル
213,ベル
312,ベル
213,ベル
123,ベル
231,ベル
312,ベル
132,ベル
312,ベル
312,ベル
123,ベル
213,ベル
213,ベル
321,ベル
321,ベル
321,ベル
132,ベル
213,ベル
321,ベル
123,ベル
123,ベル
213,ベル
312,ベル
123,ベル
123,ベル
213,ベル
213,ベル
123,ベル
231,ベル
213,ベル
312,ベル
312,ベル
213,ベル
132,ベル
132,ベル
123,ベル
132,ベル
312,ベル
123,ベル
231,ベル
123,ベル
132,ベル
231,ベル
123,ベル
312,ベル
231,ベル
213,ベル
123,ベル
312,ベル
123,ベル
123,ベル
132,ベル
132,ベル
123,ベル
123,ベル
312,ベル
312,ベル
321,ベル
321,ベル
321,ベル
132,ベル
231,魔力目
231,ベル
231,魔力目
123,魔力目
123,ベル
213,ベル
123,魔力目
123,ベル
321,ベル
132,ベル
123,魔力目
312,ベル
132,ベル
312,ベル
312,ベル
231,ベル
123,ベル
123,ベル
312,魔力目
312,魔力目
312,ベル
123,魔力目
123,魔力目
123,ベル
132,ベル
123,ベル
231,ベル
321,ベル
123,ベル
321,ベル
123,魔力目
123,魔力目
321,ベル
231,ベル
231,魔力目
231,魔力目
231,魔力目
312,魔力目
312,ベル
123,魔力目
132,ベル
321,ベル
213,ベル
213,ベル
123,魔力目
123,魔力目
321,ベル
231,魔力目
123,魔力目
123,魔力目
213,ベル
312,ベル
321,ベル
123,ベル
213,ベル
123,魔力目
123,魔力目
321,魔力目
123,魔力目
231,ベル
312,ベル
213,ベル
123,魔力目
123,ベル
123,魔力目
312,ベル
123,魔力目
123,魔力目
132,ベル
132,ベル
231,ベル
123,魔力目
312,魔力目
123,ベル
231,魔力目
123,ベル
231,ベル
123,魔力目
231,魔力目
123,魔力目
123,ベル
123,魔力目
123,ベル
132,ベル
123,ベル
213,ベル
213,ベル
213,ベル
123,魔力目
213,ベル
231,ベル
132,ベル
312,ベル
213,ベル
321,ベル
231,ベル
123,ベル
123,ベル
312,ベル
321,ベル
231,ベル
213,ベル
312,ベル
312,ベル
123,魔力目
231,ベル
312,魔力目
123,ベル
123,魔力目
312,魔力目
312,魔力目
231,魔力目
312,ベル
123,魔力目
231,魔力目
312,魔力目
132,ベル
213,ベル
312,ベル
132,ベル
123,ベル
213,ベル
231,ベル
123,魔力目
312,ベル
312,ベル
312,ベル
231,ベル
321,ベル
123,ベル
123,ベル
123,魔力目
312,ベル
123,魔力目
231,ベル
123,魔力目
